#,Bid Number,RA Number,Items / Categories,Department / Ministry,Start Date,End Date,Opening Date,Quantity,Tender Status,G.M. DALUI Status,G.M. DALUI Rank,G.M. DALUI Price,L1 Seller,L1 Price,L1-L2 Diff %,User Remark,Orders PDF Link,Attached Files
1,"GEM/2026/B/7819002","N/A","BID DETAILS","","22-07-2026 11:45:41","01-08-2026 12:00:00","01-08-2026 12:30:00","71","Pending","Disqualified","N/A","N/A","N/A","N/A","10.17%","","",""
2,"GEM/2026/B/7815185","N/A","BID DETAILS","","21-07-2026 14:42:02","31-07-2026 17:00:00","31-07-2026 17:30:00","25","Pending","Not Participated","N/A","N/A","N/A","N/A","N/A","","",""
3,"GEM/2026/B/7814604","N/A","BID DETAILS","","21-07-2026 13:57:45","08-08-2026 15:00:00","08-08-2026 15:30:00","1","Pending","Not Participated","N/A","N/A","N/A","N/A","N/A","","",""
4,"GEM/2026/B/7802250","N/A","BID DETAILS","","17-07-2026 16:32:50","27-07-2026 17:00:00","27-07-2026 17:30:00","94","Pending","Not Participated","N/A","N/A","N/A","N/A","N/A","","",""
5,"GEM/2026/B/7801066","N/A","BID DETAILS","","17-07-2026 14:02:39","30-07-2026 15:00:00","30-07-2026 15:30:00","2","Pending","Not Participated","N/A","N/A","N/A","N/A","N/A","","",""
6,"GEM/2026/B/7800968","N/A","BID DETAILS","","17-07-2026 13:48:57","27-07-2026 14:00:00","27-07-2026 14:30:00","4","Pending","Not Participated","N/A","N/A","N/A","N/A","N/A","","",""
7,"GEM/2026/B/7792794","GEM/2026/R/726689","BID DETAILS","","15-07-2026 19:04:17","27-07-2026 14:00:00","27-07-2026 14:30:00","165","Pending","Qualified","N/A","N/A","N/A","N/A","N/A","","",""
8,"GEM/2026/B/7790803","N/A","BID DETAILS","","18-07-2026 16:54:19","08-08-2026 17:00:00","08-08-2026 17:30:00","24","Pending","Not Participated","N/A","N/A","N/A","N/A","N/A","","",""
9,"GEM/2026/B/7780587","N/A","BID DETAILS","","16-07-2026 18:15:27","27-07-2026 19:00:00","27-07-2026 19:30:00","15","Pending","Not Participated","N/A","N/A","N/A","N/A","N/A","","",""
10,"GEM/2026/B/7771774","N/A","BID DETAILS","","14-07-2026 10:17:32","25-07-2026 11:00:00","25-07-2026 11:30:00","75","Pending","Not Participated","N/A","N/A","N/A","N/A","N/A","","",""
11,"GEM/2026/B/7747857","N/A","BID DETAILS","","11-07-2026 17:48:26","27-07-2026 13:00:00","27-07-2026 13:30:00","4","Pending","Not Participated","N/A","N/A","N/A","N/A","N/A","","",""
12,"GEM/2026/B/7746705","N/A","BID DETAILS","","04-07-2026 16:32:48","18-07-2026 18:00:00","18-07-2026 18:30:00","131","Pending","Not Participated","N/A","N/A","N/A","N/A","N/A","","",""
13,"GEM/2026/B/7746182","N/A","BID DETAILS","","04-07-2026 14:46:04","20-07-2026 15:00:00","20-07-2026 15:30:00","35","Pending","Disqualified","N/A","N/A","N/A","N/A","N/A","","",""
14,"GEM/2026/B/7742366","N/A","BID DETAILS","","15-07-2026 12:04:34","10-08-2026 14:00:00","10-08-2026 14:30:00","1","Pending","Not Participated","N/A","N/A","N/A","N/A","N/A","","",""
15,"GEM/2026/B/7736890","N/A","BID DETAILS","","02-07-2026 16:05:33","13-07-2026 17:00:00","13-07-2026 17:30:00","5","Pending","Not Participated","N/A","N/A","N/A","N/A","N/A","","",""
16,"GEM/2026/B/7736512","N/A","BID DETAILS","","04-07-2026 12:31:26","27-07-2026 14:00:00","27-07-2026 14:30:00","51","Pending","Not Participated","N/A","N/A","N/A","N/A","N/A","","",""
17,"GEM/2026/B/7730297","N/A","BID DETAILS","","02-07-2026 16:45:30","22-07-2026 15:00:00","22-07-2026 15:30:00","36","Pending","Qualified","N/A","N/A","N/A","N/A","N/A","","",""
18,"GEM/2026/B/7725902","N/A","BID DETAILS","","30-06-2026 13:37:33","06-08-2026 15:00:00","06-08-2026 15:30:00","108","Pending","Not Participated","N/A","N/A","N/A","N/A","N/A","","",""
19,"GEM/2026/B/7718508","N/A","BID DETAILS","","27-06-2026 17:34:42","14-07-2026 16:00:00","14-07-2026 16:30:00","66","Pending","Not Participated","N/A","N/A","N/A","N/A","14.32%","","",""
20,"GEM/2026/B/7716032","N/A","BID DETAILS","","26-06-2026 19:39:46","11-07-2026 20:00:00","11-07-2026 20:30:00","58","Pending","Not Participated","N/A","N/A","N/A","N/A","N/A","","",""
21,"GEM/2026/B/7716021","N/A","BID DETAILS","","26-06-2026 20:50:21","17-07-2026 21:00:00","17-07-2026 21:30:00","15","Pending","Not Participated","N/A","N/A","N/A","N/A","44.43%","","",""
22,"GEM/2026/B/7714963","N/A","BID DETAILS","","26-06-2026 17:03:05","17-07-2026 17:00:00","17-07-2026 17:30:00","74","Pending","Not Participated","N/A","N/A","N/A","N/A","N/A","","",""
23,"GEM/2026/B/7712921","N/A","BID DETAILS","","25-06-2026 18:37:58","16-07-2026 17:00:00","16-07-2026 17:30:00","345","Pending","Not Participated","N/A","N/A","N/A","N/A","N/A","","",""
24,"GEM/2026/B/7710775","N/A","BID DETAILS","","25-06-2026 13:34:31","16-07-2026 18:00:00","16-07-2026 18:30:00","6","Pending","Not Participated","N/A","N/A","N/A","N/A","4.65%","","",""
25,"GEM/2026/B/7708499","N/A","BID DETAILS","","25-06-2026 08:11:37","10-07-2026 09:00:00","10-07-2026 09:30:00","71","Pending","Not Participated","N/A","N/A","N/A","N/A","N/A","","",""
26,"GEM/2026/B/7708478","N/A","BID DETAILS","","25-06-2026 00:26:50","11-07-2026 10:00:00","11-07-2026 10:30:00","64","Pending","Not Participated","N/A","N/A","N/A","N/A","N/A","","",""
27,"GEM/2026/B/7708440","N/A","BID DETAILS","","25-06-2026 15:32:51","13-07-2026 15:00:00","13-07-2026 15:30:00","5","Pending","Not Participated","N/A","N/A","N/A","N/A","N/A","","",""
28,"GEM/2026/B/7703516","N/A","BID DETAILS","","24-06-2026 12:22:10","15-07-2026 15:00:00","15-07-2026 15:30:00","10","Pending","Not Participated","N/A","N/A","N/A","N/A","N/A","","",""
29,"GEM/2026/B/7702284","N/A","BID DETAILS","","23-06-2026 17:37:40","11-07-2026 18:00:00","09-07-2026 18:30:00","24","Pending","Not Participated","N/A","N/A","N/A","N/A","N/A","","",""
30,"GEM/2026/B/7694804","N/A","BID DETAILS","","13-07-2026 17:21:06","06-08-2026 18:00:00","06-08-2026 18:30:00","19","Pending","Not Participated","N/A","N/A","N/A","N/A","N/A","","",""
31,"GEM/2026/B/7692034","N/A","BID DETAILS","","20-06-2026 17:41:03","06-07-2026 18:00:00","06-07-2026 18:30:00","11","Pending","Not Participated","N/A","N/A","N/A","N/A","54.06%","","",""
32,"GEM/2026/B/7687339","N/A","BID DETAILS","","22-06-2026 08:55:27","02-07-2026 14:00:00","02-07-2026 14:30:00","5","Pending","Not Participated","N/A","N/A","N/A","N/A","N/A","","",""
33,"GEM/2026/B/7687052","N/A","BID DETAILS","","25-06-2026 15:01:09","10-07-2026 15:00:00","10-07-2026 15:30:00","7","Pending","Not Participated","N/A","N/A","N/A","N/A","92.68%","","",""
34,"GEM/2026/B/7686807","N/A","BID DETAILS","","25-06-2026 14:59:35","21-07-2026 11:00:00","21-07-2026 11:30:00","10","Pending","Not Participated","N/A","N/A","N/A","N/A","N/A","","",""
35,"GEM/2026/B/7681802","GEM/2026/R/701664","BID DETAILS","","19-06-2026 08:29:01","02-07-2026 12:00:00","02-07-2026 12:30:00","1185","Pending","Not Participated","N/A","N/A","N/A","N/A","N/A","","",""
36,"GEM/2026/B/7676651","N/A","BID DETAILS","","22-06-2026 14:32:53","14-07-2026 14:00:00","14-07-2026 14:30:00","1","Pending","Not Participated","N/A","N/A","N/A","N/A","N/A","","",""
37,"GEM/2026/B/7674505","N/A","BID DETAILS","","17-06-2026 12:08:08","04-07-2026 13:00:00","04-07-2026 13:30:00","7","Pending","Qualified","N/A","N/A","N/A","N/A","N/A","","",""
38,"GEM/2026/B/7667011","N/A","BID DETAILS","","15-06-2026 17:26:04","08-07-2026 18:00:00","06-07-2026 15:30:00","45","Pending","Not Participated","N/A","N/A","N/A","N/A","N/A","","",""
39,"GEM/2026/B/7664728","N/A","BID DETAILS","","19-06-2026 17:41:08","27-07-2026 21:00:00","27-07-2026 21:30:00","4","Pending","Not Participated","N/A","N/A","N/A","N/A","N/A","","",""
40,"GEM/2026/B/7664591","N/A","BID DETAILS","","22-06-2026 16:49:43","21-07-2026 21:00:00","21-07-2026 21:30:00","62","Pending","Qualified","N/A","N/A","N/A","N/A","N/A","","",""
41,"GEM/2026/B/7658928","N/A","BID DETAILS","","19-06-2026 13:15:34","10-07-2026 15:00:00","10-07-2026 15:30:00","47","Pending","Not Participated","N/A","N/A","N/A","N/A","N/A","","",""
42,"GEM/2026/B/7658779","N/A","BID DETAILS","","12-06-2026 16:43:37","03-07-2026 15:00:00","03-07-2026 15:30:00","73","Pending","Not Participated","N/A","N/A","N/A","N/A","N/A","","",""
43,"GEM/2026/B/7657459","N/A","BID DETAILS","","12-06-2026 14:32:58","27-06-2026 16:00:00","27-06-2026 16:30:00","384","Pending","Qualified","N/A","N/A","N/A","N/A","N/A","","",""
44,"GEM/2026/B/7655661","N/A","BID DETAILS","","12-06-2026 11:55:38","25-06-2026 15:00:00","25-06-2026 15:30:00","68","Pending","Not Participated","N/A","N/A","N/A","N/A","14.69%","","",""
45,"GEM/2026/B/7647533","N/A","BID DETAILS","","11-06-2026 19:57:29","27-06-2026 21:00:00","27-06-2026 21:30:00","295","Pending","Not Participated","N/A","N/A","N/A","N/A","N/A","","",""
46,"GEM/2026/B/7647333","GEM/2026/R/700059","BID DETAILS","","15-06-2026 10:57:36","03-07-2026 12:00:00","03-07-2026 12:30:00","40","Pending","Qualified","N/A","N/A","N/A","N/A","N/A","","",""
47,"GEM/2026/B/7646538","N/A","BID DETAILS","","10-06-2026 14:26:36","01-07-2026 14:00:00","01-07-2026 14:30:00","12","Pending","Not Participated","N/A","N/A","N/A","N/A","N/A","","",""
48,"GEM/2026/B/7644742","N/A","BID DETAILS","","10-06-2026 10:47:32","20-06-2026 11:00:00","20-06-2026 11:30:00","14","Pending","Not Participated","N/A","N/A","N/A","N/A","65.89%","","",""
49,"GEM/2026/B/7632456","N/A","BID DETAILS","","25-06-2026 14:15:17","20-08-2026 18:00:00","20-08-2026 18:30:00","109","Pending","Not Participated","N/A","N/A","N/A","N/A","N/A","","",""
50,"GEM/2026/B/7627453","N/A","BID DETAILS","","07-06-2026 14:00:30","22-06-2026 15:00:00","22-06-2026 15:30:00","3","Pending","Not Participated","N/A","N/A","N/A","N/A","N/A","","",""
51,"GEM/2026/B/7624082","N/A","BID DETAILS","","05-06-2026 18:02:56","22-06-2026 18:00:00","22-06-2026 18:30:00","171","Pending","Not Participated","N/A","N/A","N/A","N/A","6.99%","","",""
52,"GEM/2026/B/7618760","N/A","BID DETAILS","","03-06-2026 18:06:33","19-06-2026 18:00:00","19-06-2026 18:30:00","35","Pending","Not Participated","N/A","N/A","N/A","N/A","N/A","","",""
53,"GEM/2026/B/7617483","N/A","BID DETAILS","","08-06-2026 15:54:20","18-06-2026 16:00:00","18-06-2026 16:30:00","55","Pending","Not Participated","N/A","N/A","N/A","N/A","N/A","","",""
54,"GEM/2026/B/7614901","N/A","BID DETAILS","","03-06-2026 14:36:36","18-07-2026 15:00:00","18-07-2026 15:30:00","2334","Pending","Not Participated","N/A","N/A","N/A","N/A","N/A","","",""
55,"GEM/2026/B/7614106","N/A","BID DETAILS","","02-06-2026 23:25:48","13-06-2026 09:00:00","13-06-2026 09:30:00","15","Pending","Not Participated","N/A","N/A","N/A","N/A","N/A","","",""
56,"GEM/2026/B/7612666","N/A","BID DETAILS","","02-06-2026 16:36:54","16-06-2026 17:00:00","16-06-2026 17:30:00","17","Pending","Not Participated","N/A","N/A","N/A","N/A","N/A","","",""
57,"GEM/2026/B/7611882","N/A","BID DETAILS","","02-06-2026 16:43:58","03-07-2026 17:00:00","03-07-2026 17:30:00","812","Pending","Not Participated","N/A","N/A","N/A","N/A","N/A","","",""
58,"GEM/2026/B/7605570","N/A","BID DETAILS","","19-06-2026 09:39:44","17-07-2026 11:00:00","17-07-2026 11:30:00","1","Pending","Not Participated","N/A","N/A","N/A","N/A","N/A","","",""
59,"GEM/2026/B/7604636","N/A","BID DETAILS","","04-06-2026 09:46:46","15-06-2026 11:00:00","15-06-2026 11:30:00","50","Pending","Not Participated","N/A","N/A","N/A","N/A","0.56%","","",""
60,"GEM/2026/B/7603083","N/A","BID DETAILS","","08-06-2026 16:22:51","26-06-2026 14:00:00","26-06-2026 14:30:00","2","Pending","Not Participated","N/A","N/A","N/A","N/A","20.25%","","",""
61,"GEM/2026/B/7602236","GEM/2026/R/719238","BID DETAILS","","02-06-2026 11:30:06","30-06-2026 18:00:00","30-06-2026 18:30:00","457","Pending","Not Participated","N/A","N/A","N/A","N/A","N/A","","",""
62,"GEM/2026/B/7597127","N/A","BID DETAILS","","04-06-2026 14:31:43","02-07-2026 14:00:00","02-07-2026 14:30:00","11","Pending","Not Participated","N/A","N/A","N/A","N/A","59.74%","","",""
63,"GEM/2026/B/7592275","N/A","BID DETAILS","","16-06-2026 19:59:42","27-06-2026 20:00:00","27-06-2026 20:30:00","152","Pending","Not Participated","N/A","N/A","N/A","N/A","N/A","","",""
64,"GEM/2026/B/7587377","N/A","BID DETAILS","","26-05-2026 14:53:07","05-06-2026 16:00:00","05-06-2026 16:30:00","335","Pending","Not Participated","N/A","N/A","N/A","N/A","N/A","","",""
65,"GEM/2026/B/7583489","GEM/2026/R/710731","BID DETAILS","","26-05-2026 14:51:02","09-06-2026 17:00:00","09-06-2026 17:30:00","145","Pending","Qualified","N/A","N/A","N/A","N/A","N/A","","",""
66,"GEM/2026/B/7575232","N/A","BID DETAILS","","25-05-2026 14:46:21","15-06-2026 15:00:00","15-06-2026 15:30:00","18","Pending","Not Participated","N/A","N/A","N/A","N/A","0.32%","","",""
67,"GEM/2026/B/7571865","GEM/2026/R/681707","BID DETAILS","","22-05-2026 10:42:44","01-06-2026 11:00:00","01-06-2026 11:30:00","109","Pending","Qualified","N/A","N/A","N/A","N/A","N/A","","",""
68,"GEM/2026/B/7571799","N/A","BID DETAILS","","22-05-2026 16:08:53","18-06-2026 15:00:00","18-06-2026 15:30:00","81","Pending","Not Participated","N/A","N/A","N/A","N/A","N/A","","",""
69,"GEM/2026/B/7571426","N/A","BID DETAILS","","22-05-2026 08:45:56","24-06-2026 11:00:00","24-06-2026 11:30:00","4","Pending","Not Participated","N/A","N/A","N/A","N/A","N/A","","",""
70,"GEM/2026/B/7561832","N/A","BID DETAILS","","25-05-2026 10:29:41","15-06-2026 11:00:00","15-06-2026 11:30:00","78","Pending","Not Participated","N/A","N/A","N/A","N/A","N/A","","",""
71,"GEM/2026/B/7553657","GEM/2026/R/680262","BID DETAILS","","18-05-2026 18:32:27","28-05-2026 19:00:00","28-05-2026 19:30:00","274","Pending","Qualified","N/A","N/A","N/A","N/A","N/A","","",""
72,"GEM/2026/B/7553481","GEM/2026/R/680250","BID DETAILS","","18-05-2026 13:35:33","28-05-2026 14:00:00","28-05-2026 14:30:00","669","Pending","Qualified","N/A","N/A","N/A","N/A","N/A","","",""
73,"GEM/2026/B/7546169","N/A","BID DETAILS","","22-05-2026 10:16:53","01-06-2026 11:00:00","01-06-2026 11:30:00","48","Pending","Not Participated","N/A","N/A","N/A","N/A","N/A","","",""
74,"GEM/2026/B/7545257","N/A","BID DETAILS","","15-05-2026 13:51:27","05-06-2026 14:00:00","05-06-2026 14:30:00","1","Pending","Not Participated","N/A","N/A","N/A","N/A","N/A","","",""
75,"GEM/2026/B/7524626","GEM/2026/R/722574","BID DETAILS","","09-06-2026 17:00:11","01-07-2026 14:00:00","01-07-2026 14:30:00","47","Pending","Qualified","N/A","N/A","N/A","N/A","N/A","","",""
76,"GEM/2026/B/7522164","N/A","BID DETAILS","","22-05-2026 11:48:27","23-06-2026 12:00:00","23-06-2026 12:30:00","17","Pending","Not Participated","N/A","N/A","N/A","N/A","N/A","","",""
77,"GEM/2026/B/7520784","N/A","BID DETAILS","","13-05-2026 16:07:30","03-06-2026 17:00:00","03-06-2026 17:30:00","150","Pending","Not Participated","N/A","N/A","N/A","N/A","N/A","","",""
78,"GEM/2026/B/7511874","N/A","BID DETAILS","","09-05-2026 14:11:34","02-06-2026 14:00:00","02-06-2026 14:30:00","1","Pending","Not Participated","N/A","N/A","N/A","N/A","N/A","","",""
79,"GEM/2026/B/7507652","N/A","BID DETAILS","","06-05-2026 11:46:19","29-05-2026 11:00:00","29-05-2026 11:30:00","14","Pending","Not Participated","N/A","N/A","N/A","N/A","N/A","","",""
80,"GEM/2026/B/7507451","N/A","BID DETAILS","","06-05-2026 11:32:30","05-06-2026 12:00:00","05-06-2026 12:30:00","4","Pending","Qualified","L23","380544.16","N/A","N/A","5.32%","","",""
81,"GEM/2026/B/7494635","N/A","BID DETAILS","","18-05-2026 13:11:38","02-06-2026 14:00:00","02-06-2026 14:30:00","32","Pending","Not Participated","N/A","N/A","N/A","N/A","N/A","","",""
82,"GEM/2026/B/7467752","N/A","BID DETAILS","","06-05-2026 10:35:29","10-06-2026 13:00:00","10-06-2026 13:30:00","8","Pending","Not Participated","N/A","N/A","N/A","N/A","N/A","","",""
83,"GEM/2026/B/7437827","N/A","BID DETAILS","","27-04-2026 16:00:00","02-06-2026 11:00:00","02-06-2026 11:30:00","110","Pending","Not Participated","N/A","N/A","N/A","N/A","71.72%","","",""
84,"GEM/2026/B/7155121","N/A","BID DETAILS","","27-01-2026 16:39:08","11-02-2026 09:00:00","11-02-2026 09:30:00","18","Pending","Qualified","N/A","N/A","N/A","N/A","N/A","","",""
85,"GEM/2026/B/7129160","N/A","BID DETAILS","","20-01-2026 17:30:00","31-01-2026 15:00:00","31-01-2026 15:30:00","40","Pending","Qualified","N/A","N/A","N/A","N/A","N/A","","",""
86,"GEM/2026/B/7065783","GEM/2026/R/689086","BID DETAILS","","08-01-2026 10:30:21","05-02-2026 11:00:00","05-02-2026 11:30:00","83","Pending","Not Participated","N/A","N/A","N/A","N/A","N/A","","",""
87,"GEM/2025/B/6968298","N/A","BID DETAILS","","16-12-2025 14:23:57","06-01-2026 17:00:00","06-01-2026 17:30:00","73","Pending","Disqualified","N/A","N/A","N/A","N/A","46.76%","","",""
88,"GEM/2025/B/6946447","N/A","BID DETAILS","","13-01-2026 12:04:57","10-02-2026 14:00:00","10-02-2026 14:30:00","184","Pending","Qualified","N/A","N/A","N/A","N/A","N/A","","",""
89,"GEM/2025/B/6936608","N/A","BID DETAILS","","26-11-2025 20:45:14","06-12-2025 21:00:00","06-12-2025 21:30:00","25","Pending","Not Participated","N/A","N/A","N/A","N/A","11.64%","","",""
90,"GEM/2025/B/6876977","N/A","BID DETAILS","","12-11-2025 13:26:33","27-11-2025 14:00:00","27-11-2025 14:30:00","30","Pending","Qualified","N/A","N/A","N/A","N/A","N/A","","",""
91,"GEM/2025/B/6874050","GEM/2026/R/617762","BID DETAILS","","11-11-2025 14:25:01","05-12-2025 17:00:00","05-12-2025 17:30:00","740","Pending","Qualified","N/A","N/A","N/A","N/A","N/A","","",""
92,"GEM/2025/B/6863694","N/A","BID DETAILS","","15-11-2025 15:56:42","22-12-2025 11:00:00","22-12-2025 11:30:00","4","Pending","Not Participated","N/A","N/A","N/A","N/A","N/A","","",""
93,"GEM/2025/B/6835904","N/A","BID DETAILS","","07-11-2025 13:04:07","17-11-2025 14:00:00","17-11-2025 14:30:00","5","Pending","Disqualified","N/A","N/A","N/A","N/A","0.58%","","",""
94,"GEM/2025/B/6823023","N/A","BID DETAILS","","25-10-2025 10:23:23","06-11-2025 11:00:00","06-11-2025 11:30:00","38","Pending","Disqualified","N/A","N/A","N/A","N/A","5.17%","","",""
95,"GEM/2025/B/6776738","N/A","BID DETAILS","","13-10-2025 14:30:30","27-10-2025 11:00:00","27-10-2025 11:30:00","101","Pending","Qualified","N/A","N/A","N/A","N/A","N/A","","",""
96,"GEM/2025/B/6771136","GEM/2025/R/591900","BID DETAILS","","10-10-2025 16:46:08","28-10-2025 11:00:00","28-10-2025 11:30:00","381","Pending","Qualified","N/A","N/A","N/A","N/A","N/A","","",""
97,"GEM/2025/B/6747764","N/A","BID DETAILS","","09-10-2025 10:52:45","24-10-2025 11:00:00","24-10-2025 11:30:00","23","Pending","Disqualified","N/A","N/A","N/A","N/A","0.1%","","",""
98,"GEM/2025/B/6741193","N/A","BID DETAILS","","26-10-2025 14:20:44","17-11-2025 15:00:00","17-11-2025 15:30:00","46","Pending","Qualified","L12","888068","N/A","N/A","51.01%","","",""
99,"GEM/2025/B/6692136","GEM/2026/R/638171","BID DETAILS","","19-09-2025 19:13:45","07-10-2025 19:00:00","07-10-2025 19:30:00","229","Pending","L1 Won","L1","N/A","N/A","N/A","N/A","","",""
100,"GEM/2025/B/6621230","N/A","BID DETAILS","","28-08-2025 18:46:19","08-09-2025 19:00:00","08-09-2025 19:30:00","126","Pending","Qualified","N/A","N/A","N/A","N/A","N/A","","",""
101,"GEM/2025/B/6548859","N/A","BID DETAILS","","07-08-2025 20:11:41","18-08-2025 14:00:00","18-08-2025 14:30:00","12","Pending","Qualified","L3","482148","N/A","N/A","1.26%","","",""
102,"GEM/2025/B/6545840","N/A","BID DETAILS","","09-08-2025 10:25:27","27-09-2025 16:00:00","27-09-2025 16:30:00","205","Pending","L1 Won","L1","N/A","N/A","N/A","N/A","","",""
103,"GEM/2025/B/6436724","N/A","BID DETAILS","","15-07-2025 18:49:09","05-08-2025 19:00:00","05-08-2025 19:30:00","134","Pending","Qualified","N/A","N/A","N/A","N/A","N/A","","",""
104,"GEM/2025/B/6429382","N/A","BID DETAILS","","08-07-2025 16:45:37","18-07-2025 17:00:00","18-07-2025 17:30:00","12","Pending","Qualified","L2","77157.84","N/A","N/A","10.01%","","",""
105,"GEM/2025/B/6372892","GEM/2025/R/543141","BID DETAILS","","23-06-2025 11:11:04","03-07-2025 12:00:00","03-07-2025 12:30:00","4","Pending","Qualified","N/A","N/A","N/A","N/A","N/A","","",""
106,"GEM/2025/B/6311863","N/A","BID DETAILS","","05-06-2025 16:17:50","26-06-2025 13:00:00","26-06-2025 13:30:00","180","Pending","Qualified","N/A","N/A","N/A","N/A","N/A","","",""
107,"GEM/2025/B/6282419","N/A","BID DETAILS","","28-05-2025 19:49:06","14-06-2025 10:00:00","14-06-2025 10:30:00","6","Pending","Disqualified","N/A","N/A","N/A","N/A","0.04%","","",""
108,"GEM/2025/B/6277197","N/A","BID DETAILS","","27-05-2025 09:53:36","17-06-2025 10:00:00","17-06-2025 10:30:00","16","Pending","Not Participated","N/A","N/A","N/A","N/A","74.4%","","",""
109,"GEM/2025/B/6254900","N/A","BID DETAILS","","20-05-2025 18:06:18","05-06-2025 09:00:00","05-06-2025 09:30:00","24","Pending","L1 Won","L1","N/A","N/A","N/A","N/A","","",""
110,"GEM/2025/B/6245536","N/A","BID DETAILS","","19-05-2025 10:50:11","29-05-2025 15:00:00","29-05-2025 15:30:00","20","Pending","Qualified","L3","179870","N/A","N/A","4.34%","","",""
111,"GEM/2025/B/6244640","N/A","BID DETAILS","","31-05-2025 13:07:27","10-06-2025 14:00:00","10-06-2025 14:30:00","14","Pending","Disqualified","N/A","N/A","N/A","N/A","1.83%","","",""
112,"GEM/2025/B/6218201","N/A","BID DETAILS","","09-05-2025 19:11:02","23-05-2025 14:00:00","23-05-2025 14:30:00","55","Pending","Qualified","L4","327915","N/A","N/A","3.08%","","",""
113,"GEM/2025/B/6197391","GEM/2025/R/513732","BID DETAILS","","12-05-2025 11:21:35","02-06-2025 10:00:00","02-06-2025 10:30:00","396","Pending","L1 Won","L1","N/A","N/A","N/A","N/A","","",""
114,"GEM/2025/B/6174028","N/A","BID DETAILS","","26-04-2025 12:05:34","17-05-2025 13:00:00","17-05-2025 13:30:00","10","Pending","Qualified","L15","289926","N/A","N/A","3.01%","","",""
115,"GEM/2025/B/6173241","N/A","BID DETAILS","","28-04-2025 14:01:50","08-05-2025 15:00:00","08-05-2025 15:30:00","2","Pending","Not Participated","N/A","N/A","N/A","N/A","9.63%","","",""
116,"GEM/2025/B/6153137","N/A","BID DETAILS","","26-04-2025 19:01:42","06-05-2025 20:00:00","06-05-2025 20:30:00","64","Pending","Qualified","N/A","N/A","N/A","N/A","N/A","","",""
117,"GEM/2025/B/6151449","N/A","BID DETAILS","","19-04-2025 11:47:19","29-04-2025 14:00:00","29-04-2025 14:30:00","14","Pending","Qualified","L6","64158","N/A","N/A","89.14%","","",""
118,"GEM/2025/B/6139411","N/A","BID DETAILS","","21-04-2025 16:55:55","12-05-2025 17:00:00","12-05-2025 17:30:00","17","Pending","Qualified","N/A","N/A","N/A","N/A","N/A","","",""
119,"GEM/2025/B/6118810","N/A","BID DETAILS","","24-04-2025 15:33:04","17-05-2025 11:00:00","17-05-2025 11:30:00","22","Pending","Disqualified","N/A","N/A","N/A","N/A","0.87%","","",""
120,"GEM/2025/B/6114534","GEM/2025/R/480671","BID DETAILS","","04-04-2025 18:35:51","14-04-2025 19:00:00","14-04-2025 19:30:00","138","Pending","Qualified","N/A","N/A","N/A","N/A","N/A","","",""
121,"GEM/2025/B/6108006","GEM/2025/R/492666","BID DETAILS","","16-04-2025 13:29:01","07-05-2025 11:00:00","07-05-2025 11:30:00","172","Pending","Qualified","N/A","N/A","N/A","N/A","N/A","","",""
122,"GEM/2025/B/6095515","N/A","BID DETAILS","","01-04-2025 11:37:39","22-04-2025 10:00:00","22-04-2025 10:30:00","3","Pending","Disqualified","N/A","N/A","N/A","N/A","190.19%","","",""
123,"GEM/2025/B/6084162","GEM/2025/R/500392","BID DETAILS","","25-03-2025 17:30:52","15-04-2025 20:00:00","15-04-2025 20:30:00","24","Pending","Not Participated","N/A","N/A","N/A","N/A","N/A","","",""
124,"GEM/2025/B/6029007","GEM/2025/R/493506","BID DETAILS","","29-03-2025 16:05:06","15-04-2025 11:00:00","15-04-2025 11:30:00","90","Pending","Not Participated","N/A","N/A","N/A","N/A","N/A","","",""
125,"GEM/2025/B/5984327","N/A","BID DETAILS","","26-02-2025 18:17:02","10-03-2025 11:00:00","10-03-2025 11:30:00","100","Pending","L1 Won","L1","N/A","N/A","N/A","N/A","","",""
126,"GEM/2025/B/5981630","GEM/2025/R/476368","BID DETAILS","","25-02-2025 19:59:32","18-03-2025 11:00:00","18-03-2025 11:30:00","124","Pending","Qualified","N/A","N/A","N/A","N/A","N/A","","",""
127,"GEM/2025/B/5932842","N/A","BID DETAILS","","15-02-2025 11:51:04","08-03-2025 12:00:00","08-03-2025 12:30:00","48","Pending","Disqualified","N/A","N/A","N/A","N/A","21.63%","","",""
128,"GEM/2025/B/5908185","GEM/2025/R/485534","BID DETAILS","","04-02-2025 16:15:21","03-03-2025 15:00:00","03-03-2025 15:30:00","70","Pending","Not Participated","N/A","N/A","N/A","N/A","N/A","","",""
129,"GEM/2025/B/5891270","N/A","BID DETAILS","","04-02-2025 16:44:51","14-02-2025 17:00:00","14-02-2025 17:30:00","8","Pending","Disqualified","N/A","N/A","N/A","N/A","0.02%","","",""
130,"GEM/2025/B/5837990","GEM/2025/R/461949","BID DETAILS","","18-01-2025 15:54:33","28-01-2025 16:00:00","28-01-2025 16:30:00","150","Pending","Qualified","N/A","N/A","N/A","N/A","N/A","","",""
131,"GEM/2025/B/5820906","N/A","BID DETAILS","","15-01-2025 10:56:46","05-02-2025 09:00:00","05-02-2025 09:30:00","222","Pending","Qualified","N/A","N/A","N/A","N/A","N/A","","",""
132,"GEM/2025/B/5817306","N/A","BID DETAILS","","15-01-2025 16:03:35","25-01-2025 17:00:00","25-01-2025 17:30:00","77","Pending","Disqualified","N/A","N/A","N/A","N/A","0.13%","","",""
133,"GEM/2025/B/5807573","N/A","BID DETAILS","","10-01-2025 17:52:03","07-02-2025 15:00:00","07-02-2025 15:30:00","8","Pending","Not Participated","N/A","N/A","N/A","N/A","N/A","","",""
134,"GEM/2025/B/5804891","N/A","BID DETAILS","","10-01-2025 17:52:03","31-01-2025 15:00:00","31-01-2025 15:30:00","10","Pending","L1 Won","L1","53812.72","N/A","N/A","0.91%","","",""
135,"GEM/2025/B/5800219","N/A","BID DETAILS","","09-01-2025 16:40:01","23-01-2025 15:00:00","23-01-2025 15:30:00","7","Pending","Qualified","N/A","N/A","N/A","N/A","N/A","","",""
136,"GEM/2025/B/5790369","N/A","BID DETAILS","","07-01-2025 12:46:28","24-01-2025 17:00:00","24-01-2025 17:30:00","3","Pending","Not Participated","N/A","N/A","N/A","N/A","3.19%","","",""
137,"GEM/2025/B/5786435","GEM/2025/R/481799","BID DETAILS","","09-01-2025 15:34:26","20-02-2025 17:00:00","20-02-2025 17:30:00","95","Pending","Not Participated","N/A","N/A","N/A","N/A","N/A","","",""
138,"GEM/2024/B/5764896","N/A","BID DETAILS","","31-12-2024 09:57:36","20-01-2025 16:00:00","20-01-2025 16:30:00","18","Pending","Qualified","L4","93559.84","N/A","N/A","42.88%","","",""
139,"GEM/2024/B/5673347","N/A","BID DETAILS","","07-12-2024 09:52:03","06-01-2025 19:00:00","06-01-2025 19:30:00","132","Pending","Not Participated","N/A","N/A","N/A","N/A","134.91%","","",""
140,"GEM/2024/B/5671218","N/A","BID DETAILS","","06-12-2024 16:50:23","09-01-2025 15:00:00","09-01-2025 15:30:00","185","Pending","Not Participated","N/A","N/A","N/A","N/A","N/A","","",""
141,"GEM/2024/B/5669357","N/A","BID DETAILS","","06-12-2024 17:05:39","27-12-2024 15:00:00","27-12-2024 15:30:00","85","Pending","Disqualified","N/A","N/A","N/A","N/A","2.23%","","",""
142,"GEM/2024/B/5666781","N/A","BID DETAILS","","06-12-2024 09:00:27","16-12-2024 09:00:00","16-12-2024 09:30:00","64","Pending","Disqualified","N/A","N/A","N/A","N/A","N/A","","",""
143,"GEM/2024/B/5665338","N/A","BID DETAILS","","05-12-2024 16:56:25","26-12-2024 17:00:00","26-12-2024 17:30:00","290","Pending","Qualified","N/A","N/A","N/A","N/A","N/A","","",""
144,"GEM/2024/B/5658377","N/A","BID DETAILS","","27-11-2024 16:47:59","10-12-2024 17:00:00","10-12-2024 17:30:00","49","Pending","Qualified","N/A","N/A","N/A","N/A","N/A","","",""
145,"GEM/2024/B/5656255","N/A","BID DETAILS","","28-11-2024 14:45:18","19-12-2024 15:00:00","19-12-2024 15:30:00","14","Pending","Not Participated","N/A","N/A","N/A","N/A","N/A","","",""
146,"GEM/2024/B/5633390","N/A","BID DETAILS","","25-11-2024 13:13:26","10-12-2024 14:00:00","10-12-2024 14:30:00","3","Pending","Disqualified","N/A","N/A","N/A","N/A","0.36%","","",""
147,"GEM/2024/B/5624801","N/A","BID DETAILS","","19-11-2024 17:06:02","09-12-2024 14:00:00","02-12-2024 15:30:00","23","Pending","Not Participated","N/A","N/A","N/A","N/A","N/A","","",""
148,"GEM/2024/B/5624554","N/A","BID DETAILS","","19-11-2024 16:38:00","18-12-2024 13:00:00","18-12-2024 13:30:00","1","Pending","Not Participated","N/A","N/A","N/A","N/A","0.11%","","",""
149,"GEM/2024/B/5619843","N/A","BID DETAILS","","19-11-2024 16:15:01","10-12-2024 16:00:00","10-12-2024 16:30:00","80","Pending","Qualified","L2","552726.16","N/A","N/A","77.14%","","",""
150,"GEM/2024/B/5588518","N/A","BID DETAILS","","08-11-2024 15:54:32","23-11-2024 16:00:00","23-11-2024 16:30:00","1","Pending","L1 Won","L1","8420.48","N/A","N/A","78.14%","","",""
151,"GEM/2024/B/5571913","GEM/2025/R/509945","BID DETAILS","","08-11-2024 09:24:34","16-12-2024 18:00:00","16-12-2024 18:30:00","328","Pending","L1 Won","L1","N/A","N/A","N/A","N/A","","",""
152,"GEM/2024/B/5538173","GEM/2025/R/444381","BID DETAILS","","29-10-2024 10:44:44","26-11-2024 11:00:00","26-11-2024 11:30:00","154","Pending","Qualified","N/A","N/A","N/A","N/A","N/A","","",""
153,"GEM/2024/B/5443022","N/A","BID DETAILS","","26-09-2024 13:13:42","14-10-2024 13:00:00","14-10-2024 13:30:00","3","Pending","L1 Won","L1","198788.7","N/A","N/A","101.23%","","",""
154,"GEM/2024/B/5403265","N/A","BID DETAILS","","16-09-2024 11:11:29","26-09-2024 12:00:00","26-09-2024 12:30:00","2","Pending","Not Participated","N/A","N/A","N/A","N/A","22.66%","","",""
155,"GEM/2024/B/5401637","N/A","BID DETAILS","","14-09-2024 17:11:25","24-09-2024 18:00:00","24-09-2024 18:30:00","14","Pending","Not Participated","N/A","N/A","N/A","N/A","N/A","","",""
156,"GEM/2024/B/5400468","N/A","BID DETAILS","","14-09-2024 17:00:40","08-10-2024 15:00:00","08-10-2024 15:30:00","30","Pending","L1 Won","L1","N/A","N/A","N/A","N/A","","",""
157,"GEM/2024/B/5375665","N/A","BID DETAILS","","11-09-2024 15:49:56","03-10-2024 16:00:00","03-10-2024 16:30:00","2","Pending","Not Participated","N/A","N/A","N/A","N/A","N/A","","",""
158,"GEM/2024/B/5373828","N/A","BID DETAILS","","08-09-2024 16:24:50","18-09-2024 17:00:00","18-09-2024 17:30:00","209","Pending","Not Participated","N/A","N/A","N/A","N/A","14.68%","","",""
159,"GEM/2024/B/5370906","N/A","BID DETAILS","","12-09-2024 17:09:43","03-10-2024 14:00:00","03-10-2024 14:30:00","4","Pending","Disqualified","N/A","N/A","N/A","N/A","N/A","","",""
160,"GEM/2024/B/5369093","N/A","BID DETAILS","","06-09-2024 12:16:44","16-09-2024 13:00:00","16-09-2024 13:30:00","65","Pending","Qualified","L3","530032.4","N/A","N/A","11.42%","","",""
161,"GEM/2024/B/5362444","N/A","BID DETAILS","","13-09-2024 10:32:56","05-10-2024 09:00:00","05-10-2024 09:30:00","30","Pending","Qualified","N/A","N/A","N/A","N/A","N/A","","",""
162,"GEM/2024/B/5349255","GEM/2024/R/384931","BID DETAILS","","02-09-2024 09:57:51","12-09-2024 13:00:00","12-09-2024 13:30:00","52","Pending","Qualified","N/A","N/A","N/A","N/A","N/A","","",""
163,"GEM/2024/B/5346045","N/A","BID DETAILS","","03-09-2024 18:02:54","25-11-2024 11:00:00","25-11-2024 11:30:00","20","Pending","Not Participated","N/A","N/A","N/A","N/A","3.36%","","",""
164,"GEM/2024/B/5304795","GEM/2025/R/463385","BID DETAILS","","22-08-2024 17:23:14","16-09-2024 10:00:00","16-09-2024 10:30:00","30","Pending","Not Participated","N/A","N/A","N/A","N/A","N/A","","",""
165,"GEM/2024/B/5289187","N/A","BID DETAILS","","14-08-2024 17:30:19","26-08-2024 14:00:00","26-08-2024 14:30:00","70","Pending","Qualified","N/A","N/A","N/A","N/A","N/A","","",""
166,"GEM/2024/B/5270947","N/A","BID DETAILS","","09-08-2024 11:43:59","19-08-2024 13:00:00","19-08-2024 13:30:00","1","Pending","Not Participated","N/A","N/A","N/A","N/A","16.53%","","",""
167,"GEM/2024/B/5246742","N/A","BID DETAILS","","03-08-2024 16:12:32","21-08-2024 15:00:00","21-08-2024 15:30:00","10","Pending","Not Participated","N/A","N/A","N/A","N/A","20.18%","","",""
168,"GEM/2024/B/5246076","GEM/2025/R/534887","BID DETAILS","","05-08-2024 10:29:54","27-08-2024 11:00:00","26-08-2024 11:30:00","17","Pending","Not Participated","N/A","N/A","N/A","N/A","N/A","","",""
169,"GEM/2024/B/5233171","GEM/2025/R/480997","BID DETAILS","","07-08-2024 15:19:22","07-09-2024 15:00:00","07-09-2024 15:30:00","8","Pending","Not Participated","N/A","N/A","N/A","N/A","N/A","","",""
170,"GEM/2024/B/5229474","N/A","BID DETAILS","","31-07-2024 11:22:47","21-08-2024 12:00:00","21-08-2024 12:30:00","47","Pending","Qualified","N/A","N/A","N/A","N/A","N/A","","",""
171,"GEM/2024/B/5175068","N/A","BID DETAILS","","24-07-2024 08:32:33","14-08-2024 14:00:00","14-08-2024 14:30:00","11","Pending","Qualified","N/A","N/A","N/A","N/A","N/A","","",""
172,"GEM/2024/B/5161430","N/A","BID DETAILS","","17-07-2024 18:23:38","07-08-2024 14:00:00","07-08-2024 14:30:00","1","Pending","Not Participated","N/A","N/A","N/A","N/A","163.15%","","",""
173,"GEM/2024/B/5159432","N/A","BID DETAILS","","13-07-2024 17:12:02","10-08-2024 15:00:00","10-08-2024 15:30:00","36","Pending","Not Participated","N/A","N/A","N/A","N/A","N/A","","",""
174,"GEM/2024/B/5157917","N/A","BID DETAILS","","15-07-2024 18:09:33","02-08-2024 15:00:00","02-08-2024 15:30:00","173","Pending","Not Participated","N/A","N/A","N/A","N/A","N/A","","",""
175,"GEM/2024/B/5157062","GEM/2025/R/432325","BID DETAILS","","13-07-2024 15:53:51","23-07-2024 18:00:00","23-07-2024 18:30:00","147","Pending","Not Participated","N/A","N/A","N/A","N/A","N/A","","",""
176,"GEM/2024/B/5151138","N/A","BID DETAILS","","15-07-2024 16:27:29","05-08-2024 15:00:00","05-08-2024 15:30:00","60","Pending","Qualified","N/A","N/A","N/A","N/A","N/A","","",""
177,"GEM/2024/B/5122348","GEM/2024/R/386850","BID DETAILS","","04-07-2024 16:27:33","25-07-2024 17:00:00","25-07-2024 17:30:00","50","Pending","Not Participated","N/A","N/A","N/A","N/A","N/A","","",""
178,"GEM/2024/B/5096504","N/A","BID DETAILS","","26-06-2024 17:42:54","19-07-2024 14:00:00","19-07-2024 14:30:00","2","Pending","Not Participated","N/A","N/A","N/A","N/A","N/A","","",""
179,"GEM/2024/B/5090721","N/A","BID DETAILS","","25-06-2024 16:18:00","15-07-2024 12:00:00","15-07-2024 12:30:00","3","Pending","Not Participated","N/A","N/A","N/A","N/A","N/A","","",""
180,"GEM/2024/B/5074880","N/A","BID DETAILS","","21-06-2024 12:48:44","12-07-2024 14:00:00","12-07-2024 14:30:00","6","Pending","L1 Won","L1","97902.24","N/A","N/A","82.05%","","",""
181,"GEM/2024/B/5055825","N/A","BID DETAILS","","22-06-2024 18:15:14","03-07-2024 12:00:00","03-07-2024 12:30:00","58","Pending","L1 Won","L1","N/A","N/A","N/A","N/A","","",""
182,"GEM/2024/B/5032574","N/A","BID DETAILS","","10-06-2024 17:45:38","01-07-2024 18:00:00","01-07-2024 18:30:00","50","Pending","Qualified","L3","1783875.62","N/A","N/A","1.71%","","",""
183,"GEM/2024/B/5014859","GEM/2025/R/430390","BID DETAILS","","06-06-2024 15:47:57","27-06-2024 15:00:00","27-06-2024 15:30:00","140","Pending","Qualified","N/A","N/A","N/A","N/A","N/A","","",""
184,"GEM/2024/B/4979769","N/A","BID DETAILS","","25-05-2024 16:36:04","20-06-2024 17:00:00","20-06-2024 17:30:00","126","Pending","L1 Won","L1","N/A","N/A","N/A","N/A","","",""
185,"GEM/2024/B/4978795","N/A","BID DETAILS","","13-06-2024 11:26:38","04-07-2024 15:00:00","04-07-2024 15:30:00","1","Pending","Qualified","L3","192414.34","N/A","N/A","3.75%","","",""
186,"GEM/2024/B/4965952","N/A","BID DETAILS","","27-05-2024 17:14:42","10-06-2024 11:00:00","10-06-2024 11:30:00","33","Pending","L1 Won","L1","N/A","N/A","N/A","N/A","","",""
187,"GEM/2024/B/4956944","N/A","BID DETAILS","","18-05-2024 15:12:37","28-05-2024 16:00:00","28-05-2024 16:30:00","114","Pending","Qualified","N/A","N/A","N/A","N/A","N/A","","",""
188,"GEM/2024/B/4898498","N/A","BID DETAILS","","29-04-2024 18:51:00","27-05-2024 09:00:00","27-05-2024 09:30:00","305","Pending","Qualified","N/A","N/A","N/A","N/A","N/A","","",""
189,"GEM/2024/B/4890183","N/A","BID DETAILS","","25-04-2024 17:38:32","06-05-2024 18:00:00","06-05-2024 18:30:00","64","Pending","Qualified","N/A","N/A","N/A","N/A","N/A","","",""
190,"GEM/2024/B/4879419","N/A","BID DETAILS","","13-05-2024 14:50:12","28-05-2024 11:00:00","28-05-2024 11:30:00","18","Pending","Qualified","L4","418278.14","N/A","N/A","8.35%","","",""
191,"GEM/2024/B/4845550","N/A","BID DETAILS","","08-04-2024 13:59:50","25-04-2024 16:00:00","25-04-2024 16:30:00","20","Pending","L1 Won","L1","N/A","N/A","N/A","N/A","","",""
192,"GEM/2024/B/4816728","N/A","BID DETAILS","","08-04-2024 12:51:53","29-04-2024 13:00:00","29-04-2024 13:30:00","6","Pending","L1 Won","L1","1906679.4","N/A","N/A","19.74%","","",""
193,"GEM/2024/B/4760455","N/A","BID DETAILS","","10-03-2024 18:11:15","01-04-2024 19:00:00","01-04-2024 19:30:00","87","Pending","Qualified","N/A","N/A","N/A","N/A","N/A","","",""
194,"GEM/2024/B/4720093","N/A","BID DETAILS","","01-03-2024 17:39:14","12-03-2024 10:00:00","12-03-2024 10:30:00","3","Pending","Not Participated","N/A","N/A","N/A","N/A","N/A","","",""
195,"GEM/2024/B/4693072","GEM/2024/R/328163","BID DETAILS","","28-02-2024 11:34:15","18-03-2024 18:00:00","18-03-2024 18:30:00","64","Pending","Qualified","N/A","N/A","N/A","N/A","N/A","","",""
196,"GEM/2024/B/4677044","GEM/2024/R/338571","BID DETAILS","","22-02-2024 17:52:08","14-03-2024 18:00:00","14-03-2024 18:30:00","54","Pending","Qualified","N/A","N/A","N/A","N/A","N/A","","",""
197,"GEM/2024/B/4660081","GEM/2024/R/330502","BID DETAILS","","19-02-2024 18:12:09","29-02-2024 19:00:00","29-02-2024 19:30:00","141","Pending","Qualified","N/A","N/A","N/A","N/A","N/A","","",""
198,"GEM/2024/B/4634132","N/A","BID DETAILS","","26-02-2024 17:29:43","11-04-2024 11:00:00","11-04-2024 11:30:00","19","Pending","Not Participated","N/A","N/A","N/A","N/A","N/A","","",""
199,"GEM/2024/B/4599894","N/A","BID DETAILS","","08-02-2024 11:53:14","19-02-2024 12:00:00","19-02-2024 12:30:00","73","Pending","Disqualified","N/A","N/A","N/A","N/A","1.39%","","",""
200,"GEM/2024/B/4598663","N/A","BID DETAILS","","09-02-2024 17:30:42","01-03-2024 18:00:00","01-03-2024 18:30:00","20","Pending","Not Participated","N/A","N/A","N/A","N/A","19.78%","","",""
201,"GEM/2024/B/4595710","N/A","BID DETAILS","","09-02-2024 16:27:52","19-02-2024 17:00:00","19-02-2024 17:30:00","6","Pending","Disqualified","N/A","N/A","N/A","N/A","3.45%","","",""
202,"GEM/2024/B/4563281","N/A","Sluice Valve for Water Works P...","Ministry of RailwaysIndian Railways","01-02-2024 12:24 PM","12-02-2024 1:00 PM","","27","Pending","Not Participated","N/A","N/A","N/A","N/A","N/A","","",""
203,"GEM/2024/B/4539263","N/A","BID DETAILS","","27-01-2024 09:40:53","12-02-2024 10:00:00","12-02-2024 10:30:00","64","Pending","Not Participated","N/A","N/A","N/A","N/A","N/A","","",""
204,"GEM/2024/B/4524073","N/A","BID DETAILS","","23-01-2024 18:29:09","02-02-2024 19:00:00","02-02-2024 19:30:00","2","Pending","Not Participated","N/A","N/A","N/A","N/A","38.89%","","",""
205,"GEM/2024/B/4510066","N/A","BID DETAILS","","19-01-2024 17:46:23","29-01-2024 18:00:00","29-01-2024 18:30:00","4","Pending","Qualified","L4","179480","N/A","N/A","44.44%","","",""
206,"GEM/2024/B/4486988","N/A","BID DETAILS","","15-01-2024 17:54:22","24-02-2024 15:00:00","24-02-2024 15:30:00","4","Pending","Not Participated","N/A","N/A","N/A","N/A","N/A","","",""
207,"GEM/2024/B/4486376","N/A","BID DETAILS","","15-01-2024 16:22:46","25-01-2024 17:00:00","25-01-2024 17:30:00","117","Pending","Qualified","N/A","N/A","N/A","N/A","N/A","","",""
208,"GEM/2024/B/4485147","GEM/2024/R/373740","BID DETAILS","","16-01-2024 16:06:31","27-01-2024 14:00:00","27-01-2024 14:30:00","18","Pending","Not Participated","N/A","N/A","N/A","N/A","N/A","","",""
209,"GEM/2024/B/4480733","GEM/2024/R/350238","BID DETAILS","","24-01-2024 13:32:16","17-02-2024 15:00:00","17-02-2024 15:30:00","50","Pending","Qualified","N/A","N/A","N/A","N/A","N/A","","",""
210,"GEM/2024/B/4479199","N/A","BID DETAILS","","13-01-2024 09:56:41","23-01-2024 16:00:00","23-01-2024 16:30:00","20","Pending","Qualified","L12","63129.6","N/A","N/A","20.41%","","",""
211,"GEM/2024/B/4460512","N/A","BID DETAILS","","02-02-2024 20:14:34","23-02-2024 12:00:00","23-02-2024 12:30:00","44","Pending","Qualified","N/A","N/A","N/A","N/A","N/A","","",""
212,"GEM/2024/B/4452363","N/A","BID DETAILS","","08-01-2024 16:12:14","13-03-2024 15:00:00","13-03-2024 15:30:00","7","Pending","Not Participated","N/A","N/A","N/A","N/A","N/A","","",""
213,"GEM/2024/B/4436269","N/A","BID DETAILS","","04-01-2024 17:42:06","25-01-2024 17:00:00","25-01-2024 17:30:00","18","Pending","Qualified","N/A","N/A","N/A","N/A","N/A","","",""
214,"GEM/2024/B/4425640","N/A","BID DETAILS","","03-01-2024 11:16:10","22-01-2024 09:00:00","22-01-2024 09:30:00","5","Pending","L1 Won","L1","53134.95","N/A","N/A","2.19%","","",""
215,"GEM/2023/B/4386212","N/A","BID DETAILS","","09-01-2024 12:33:15","30-01-2024 09:00:00","30-01-2024 09:30:00","56","Pending","Qualified","N/A","N/A","N/A","N/A","N/A","","",""
216,"GEM/2023/B/4379883","N/A","BID DETAILS","","10-01-2024 17:14:58","31-01-2024 18:00:00","31-01-2024 18:30:00","335","Pending","Qualified","N/A","N/A","N/A","N/A","N/A","","",""
217,"GEM/2023/B/4318172","N/A","BID DETAILS","","09-12-2023 17:28:03","19-12-2023 18:00:00","19-12-2023 18:30:00","270","Pending","Qualified","N/A","N/A","N/A","N/A","N/A","","",""
218,"GEM/2023/B/4310096","GEM/2024/R/296063","BID DETAILS","","15-12-2023 11:32:25","05-01-2024 12:00:00","05-01-2024 12:30:00","43","Pending","L1 Won","L1","N/A","N/A","N/A","N/A","","",""
219,"GEM/2023/B/4309262","N/A","BID DETAILS","","18-01-2024 13:22:28","08-02-2024 14:00:00","08-02-2024 14:30:00","12","Pending","Disqualified","N/A","N/A","N/A","N/A","N/A","","",""
220,"GEM/2023/B/4275540","N/A","BID DETAILS","","02-01-2024 10:02:29","23-01-2024 18:00:00","23-01-2024 18:30:00","","Pending","Not Participated","N/A","N/A","N/A","N/A","13.05%","","",""
221,"GEM/2023/B/4240193","GEM/2024/R/340693","BID DETAILS","","05-12-2023 10:38:05","26-12-2023 11:00:00","26-12-2023 11:30:00","176","Pending","Qualified","N/A","N/A","N/A","N/A","N/A","","",""